{
  "vid841___frame0.jpg": 0.5642718076705933,
  "vid844___frame0.jpg": 0.5918788909912109,
  "vid845___frame0.jpg": 0.6366888284683228,
  "vid846___frame0.jpg": 0.6366888284683228,
  "vid847___frame0.jpg": 0.6366888284683228,
  "vid848___frame0.jpg": 0.5542765259742737,
  "vid849___frame0.jpg": 0.5542765259742737,
  "vid84___frame0.jpg": 0.5268718600273132,
  "vid850___frame0.jpg": 0.5542765259742737,
  "vid85___frame0.jpg": 0.5493616461753845,
  "vid8___frame0.jpg": 0.6724676489830017,
  "vid91_f__frame0.jpg": 0.5595362186431885,
  "vid920_f__frame0.jpg": 0.6187765002250671,
  "vid921_f__frame0.jpg": 0.6191920042037964,
  "vid92_f__frame0.jpg": 0.5559960603713989,
  "vid93_f__frame0.jpg": 0.5725581645965576,
  "vid94_f__frame0.jpg": 0.6167677640914917,
  "vid95_f__frame0.jpg": 0.6202663779258728,
  "vid96_f__frame0.jpg": 0.5882053971290588,
  "vid97_f__frame0.jpg": 0.5268070697784424,
  "vid98_f__frame0.jpg": 0.615356981754303,
  "vid99_f__frame0.jpg": 0.6221445202827454,
  "vid9_f__frame0.jpg": 0.4732729494571686
}